{"cameraMode":{"drawMode":0,"name":"Shaded","section":"Shading Mode"},"sceneLighting":false,"audioPlay":false,"sceneViewState":{"showFog":true,"showMaterialUpdate":true,"showSkybox":true,"showFlares":true,"showImageEffects":true,"showParticleSystems":true},"in2DMode":false,"pivot":{"x":2.518017530441284,"y":-4.869768142700195,"z":7.987473011016846},"rotation":{"x":-0.23842957615852357,"y":-0.2870068848133087,"z":0.07399669289588928,"w":-0.9248535633087158},"size":0.033140890300273898,"orthographic":false}