{"cameraMode":{"drawMode":0,"name":"Shaded","section":"Shading Mode"},"sceneLighting":true,"audioPlay":false,"sceneViewState":{"showFog":true,"showMaterialUpdate":true,"showSkybox":true,"showFlares":true,"showImageEffects":true,"showParticleSystems":true},"in2DMode":false,"pivot":{"x":-0.12649980187416078,"y":-0.08047214150428772,"z":0.6450402736663818},"rotation":{"x":-0.16452106833457948,"y":-0.023089496418833734,"z":0.0038392171263694765,"w":-0.9861472845077515},"size":0.8938605189323425,"orthographic":false}